snpp,snf3JLX29OeF6,C Burns,Springfield Nuclear Power Plant,100 Industrial Way,Springfield,Ohio,12326a,123456789,cmburns@snpp.org,United States,Driver,AA12345678,AB123456C,12ABC123
<<<<<<< HEAD
test,teobtLiiDGEOk,a,b,123 Fake Street,Nottingham,Nottingham,NG125FA,test@test.org,123,United Kingdom,TransportationCompany
adambloggs@gmail.com,advwtv/9yU5yQ,Adam,Bloggs,123 Fake Street,Nottingham,Nottingham,NG125AA,123,adambloggs@gmail.com,United Kingdom,Cargo Owner
haha@haha,harCEtf8t.cX.,a,b,c,d,e,g,123,haha@haha,f,Cargo Owner
adambloggs,Test,abbbbbbbbbbbbbbbb,Booo,Testing,456 nowhere street,Derby,Derby,DE123XY,123456789,nowhere@nowhere.com,United Kingdom,Driver,FE1237636,ABC123456C,45DEF456,45DEF456,45DEF456,45DEF456,45DEF456,45DEF456,45DEF456
5c8df5f6-a5fa-4d14-9189-1179f2625fe2,5cABS/.XryhAk,Test,User,123 Fake Street,Nottingham,Nottingham,NG123ABC,1234,5c8df5f6-a5fa-4d14-9189-1179f2625fe2,United Kingdom,Driver
e8ffc8fc-a58a-4c85-a189-7e12717c1339,e8KEJPpCeOYuU,Test,User,123 Fake Street,Nottingham,Nottingham,NG123ABC,1234,e8ffc8fc-a58a-4c85-a189-7e12717c1339,United Kingdom,Driver
f6f53d0e-ee7f-4304-8617-a1737863a24f,f6c2ywaUipPgY,Test,User,123 Fake Street,Nottingham,Nottingham,NG123ABC,1234,f6f53d0e-ee7f-4304-8617-a1737863a24f,United Kingdom,Driver
3075205a-1a74-4cf9-b161-6825a537da30,30dJVEURUeYJc,Test,User,123 Fake Street,Nottingham,Nottingham,NG123ABC,1234,3075205a-1a74-4cf9-b161-6825a537da30,United Kingdom,Driver
3dce8b30-24c7-46d7-b583-f6cf973eac85,3d.3IJOVBaz6g,Test,User,123 Fake Street,Nottingham,Nottingham,NG123ABC,1234,3dce8b30-24c7-46d7-b583-f6cf973eac85,United Kingdom,Driver
185e9a50-4dfa-4e3a-8052-9163b2fd9bb1,18cTuMgi.ymhk,Test,User,123 Fake Street,Nottingham,Nottingham,NG123ABC,1234,185e9a50-4dfa-4e3a-8052-9163b2fd9bb1,United Kingdom,Driver
71a9548c-8ce1-4151-b1b2-bc803f81426f,71wYhs3y.tvIc,,123 Fake Street,Nottingham,NG123ABC,1234,71a9548c-8ce1-4151-b1b2-bc803f81426f,United Kingdom,TransportationCompany
test@test.com,teobtLiiDGEOk,Test,User,123 Fake Street,Nottingham,Nottingham,NG123ABC,1234,test@test.com,United Kingdom,Cargo Owner
b386127a-e081-4fc1-92fc-3a295ebfec03,b3GPOfRG/2TAc,Test,User,123 Fake Street,Nottingham,Nottingham,NG123ABC,1234,b386127a-e081-4fc1-92fc-3a295ebfec03,United Kingdom,Driver,,,
53b411ac-1480-4134-bed4-b8363608e75d,53yR2D7fDrXCg,,123 Fake Street,Nottingham,NG123ABC,1234,53b411ac-1480-4134-bed4-b8363608e75d,United Kingdom,TransportationCompany
=======
tcri,tcA7gikJhAx6U,A O'Neill,TCRI Inc,Eastman Street,New York,New York State,12226a,2327262,aoneill@tcri.org,United states,Driver,CD123456E,AA12345678,AB123456C,12ABC123
adambloggs,advwtv/9yU5yQ,Adam Bloggs,Bloggs Transport,123 Fake Street,Nottingham,Nottingham,NG122FA,78655272662,abloggs@bloggstransport.com,United Kingdom,Driver,FG123456H,AA12345678,AB123456C,12ABC123
tcri,tcA7gikJhAx6U,A O'Neill,TCRI Inc,Eastman Street,New York,New York State,12226a,2327262,aoneill@tcri.org,United states,Cargo Owner,H123456I,,
test,teobtLiiDGEOk,a,b,123 Fake Street,Nottingham,Nottingham,NG125FA,test@test.org,123,United Kingdom,TransportationCompany,,,
tcri,tcA7gikJhAx6U,A O'Neill,TCRI Inc,Eastman Street,New York,New York State,12226a,2327262,aoneill@tcri.org,United states,Cargo Owner,H123456I,,
"tcompany""@gmail.com",tcA7gikJhAx6U,,Nottingham,Nottingham,NG1 4EE,7777755665,"tcompany""@gmail.com",United Kigdom,TransportationCompany,,,,,
adeeeb@gmail.com,adLdmuSDtMmdk,adeebs,abcd1234,apartment 4,nottingham,nottingham,ng1 4ee,7737738383,adeeeb@gmail.com,united kingdomm,Cargo Owner,,,
adgdgdgd,advwtv/9yU5yQ,adeeb,sait,bluecoat house,nottingham,nottingham,ng1 4ee,8587575773,adgdgdgd,united kingdom,Cargo Owner,,,
tcompanys,tcoX9xScwlX1M,,nottigg,nottingham,ng1 4ee,7366366373,tcompanys,united kingdom,TransportationCompany,,,,,
MyUserName,My76wRx211jmE,MyFirstName,MyLastName,MyAddress,MyCity,MyCity,MyPostCode,MyPhone,myemail@gmail.com,MyCountry,Cargo Owner,,,
transport@gmail.com,trkI4fGC/t39A,Company,Company,TA,TC,TC,TP,TPhone,transport@gmail.com,TCOUNTRY,TransportationCompany,,,
test@gmail.com,tek4edTZE898g,,testaddress,testcity,testpostcode,testphonenumber,test@gmail.com,testcountry,TransportationCompany
>>>>>>> 33ac5f6da5df761798e5a989ed121e63d131f175
